Name,Brand,Price,Discount,Image_Link,Rating,Number of Ratings,Reviews,Current Views,Description
SHEIN Men Drop Shoulder Color Block Tee,SKU: smtop07200521378,US$12.00,NULL,https://img.ltwebstatic.com/images3_pi/2020/05/26/15904584985420a93e732eb651a0cc270b49ca1083_thumbnail_900x.webp,4.9,137 Reviews,"[['', 'Soy small y me qued√≥ demasiado de grande, bajen el tama√±o. Esta hermosa.', '4.9'], ['', 'Love the colors. Soft shirt! Good material.', '4.9'], ['', 'Fire', '4.9']]",137 Reviews,
Tie Dye Drop Shoulder Oversized Tee,SKU: swtee01200601837,US$10.00,NULL,https://img.ltwebstatic.com/images3_pi/2020/06/03/1591177051cb6140373a8c3fd8e5eafc7c0ec50d70_thumbnail_900x.webp,4.7,6867 Reviews,"[['', 'I ordered a medium because i wanted it to be more oversized but i should‚Äôve just stuck with the small because that still would‚Äôve been oversized enough, but super soft and great purchase!', '4.7'], ['', 'small fits like a large. I‚Äôd advice not to size up because the small is good enough for the oversized fit', '4.7'], ['', 'Color is way paler than the picture. Thin material (more than expected) and enough oversized. So do not size up ladies!', '4.7']]",6867 Reviews,
Space Dye V-neck Batwing Sleeve Tee,SKU: swtee03200512398,US$10.00,NULL,https://img.ltwebstatic.com/images3_pi/2020/05/19/158989308058a2b19b96d6f6b86134d749ba8fa45c_thumbnail_900x.webp,4.8,2460 Reviews,"[['', 'super soft, flowing luxurious fabric. Can be used as casual wear, as well as office and even evening attire! The versatility is astounding! Iam a size 12, and the Large size seems a tad big, yet I think its meant to be that way, Now I have large shoulders and chest, with a long torso, so it is a little short length wise. With all that in mind, anyone smaller than size 1o,12, go for the medium.', '4.8'], ['', 'The color on the model and the actual shirt are very different', '4.8'], ['', 'big and loose. im a usual size L or XL. i got a L and it‚Äôs oversized but i don‚Äôt mind! batwing sleeves and small hem. super soft and comfy!!', '4.8']]",2460 Reviews,
SHEIN Neon Orange Figure Graphic Drop Shoulder Oversized Tee,SKU: swtee07200330941,US$13.00,NULL,https://img.ltwebstatic.com/images3_pi/2020/04/28/15880612753afc55518643767845347a09ea5a1668_thumbnail_900x.webp,None,3688 Reviews,"[['', 'Even my Grandma loved it. Go a size down it‚Äôs really big usually i‚Äôm a large but i got a medium and it‚Äôs still oversized!', 'None'], ['', 'This shirt needs to go on your Must Have List! It is cute and comfy. You can style it many ways! I cant wait to wear it out!', 'None'], ['', 'Love this top! It is very oversized but pairing with biker shorts was my idea so it works perfect! The material is more athletic than you would think but it‚Äôs really nice! I am 5‚Äô4 and 130lbs.', 'None']]",3688 Reviews,
SHEIN Men Letter Graphic Striped Tee,SKU: smtop07200324463,US$11.00,NULL,https://img.ltwebstatic.com/images3_pi/2020/04/24/158769379634321b38cae5152e9fa00831a3cfe064_thumbnail_900x.webp,4.8,1377 Reviews,"[['', 'Nice', '4.8'], ['', 'My boyfriend likes it so much', '4.8'], ['', 'Nice colour & good material.', '4.8']]",1377 Reviews,
Alien Print Spiral Tie Dye Tee,SKU: swtee04200408990,US$10.00,NULL,https://img.ltwebstatic.com/images3_pi/2020/04/22/15875229597f61f634d1fe716ddc6d17d989caeaf7_thumbnail_900x.webp,4.9,1097 Reviews,"[['', 'In love with the colors! Exactly like in the picture üåà', '4.9'], ['', 'I love this t shirt !! The material wasn‚Äôt what I was expecting it‚Äôs kind of slinky but it‚Äôs still really nice. I went a couple sizes up because it‚Äôs all they had in stock at the time but it is great and has a nice longer length so is perfectly baggy', '4.9'], ['', 'Very soft material. Great colors - 5‚Äô7 and 180lbs the medium worked fine for me.', '4.9']]",1097 Reviews,
Floral Print Crop Tee,SKU: swtee00200507194,US$8.00,NULL,https://img.ltwebstatic.com/images3_pi/2020/05/12/15892484368fc5a3748e612cc93bb476f1f7184a03_thumbnail_900x.webp,4.8,2227 Reviews,"[['', 'Super soft, good quality', '4.8'], ['', 'love this!!', '4.8'], ['', 'a lil see through but soft and less cropped than i thought it would be', '4.8']]",2227 Reviews,
California Graphic Short Sleeve Tee,SKU: swtee04200507285,US$8.00,NULL,https://img.ltwebstatic.com/images3_pi/2020/06/01/1590976418c9a95ab39e65dba0667e4ba6d4d906ab_thumbnail_900x.webp,4.9,800 Reviews,"[['', 'It looks just like the picture but the material is weird, it feels like a running shirt', '4.9'], ['', 'I like it. It‚Äôs very comfortable', '4.9'], ['', 'very pretty good material, little bit see through but recommend!', '4.9']]",800 Reviews,
Letter & Butterfly Graphic Longline Tee,SKU: swtee04200622124,US$11.00,NULL,https://img.ltwebstatic.com/images3_pi/2020/06/22/15928126500c32d9f754f93d18910dbdafab130e01_thumbnail_900x.webp,4.8,NEW,"[['', 'Love ittttt, with cycling shorts and belt its sooo hot', '4.8'], ['', 'cute design but way too oversized', '4.8'], ['', 'Super cute oversized tee, super comfy but slightly see through.', '4.8']]",NEW,
Butterfly Graphic Longline Tee,SKU: swtee04200424226,US$8.00,NULL,https://img.ltwebstatic.com/images3_pi/2020/05/16/158961886706e2cde81697415a5de4979f27cfead7_thumbnail_900x.webp,4.9,3051 Reviews,"[['', 'very cute and pretty!!! got this to lounge around in and im very satisfied with it! material is very soft and not that see through. please spread awareness about BLM!! educate yourselves and donate or sign petitions! anything can help!', '4.9'], ['', 'Honestly love this shirt . I wore it with jeans & converse . I can‚Äôt wait for summer or this virus to be over . Because i bought so much clothes off of shein & this is one of my favorite purchases', '4.9'], ['', 'Very soft and nice', '4.9']]",3051 Reviews,
Butterfly Print Round Neck Tee,SKU: swtee00200427235,US$9.00,NULL,https://img.ltwebstatic.com/images3_pi/2020/04/30/1588216523fe9585ad60dd900bf6f9365c68f6389d_thumbnail_900x.webp,4.8,427 Reviews,"[['', 'Super soft! Not quite as big as I wanted it though, if you want this oversized go up two or three sizes!', '4.8'], ['', 'I didn‚Äôt think it would be that tight .. its really cute but its also kind of cropped. Not like ‚Äút-shirt material‚Äù if that makes sense. But its really cute, ima still wearing itüòÇ.', '4.8'], ['', 'I would definitely re purchase', '4.8']]",427 Reviews,
Roll Up Sleeve Letter Graphic Tee,SKU: swtee04200414582,US$8.00,NULL,https://img.ltwebstatic.com/images3_pi/2020/05/06/1588738785e5d5b0a0fc99e7455e6a428b244eb18c_thumbnail_900x.webp,4.9,3104 Reviews,"[['', 'Super leuk shirtje!', '4.9'], ['', 'HAVENT got it yet just need points but so excited for this', '4.9'], ['', 'Noticed a lot of comments saying it is slightly cropped but it was just the right height for me. Definitely love the colour of this shirt as it is vibrant and the material is wonderful. Would buy more! :)', '4.9']]",3104 Reviews,
Tie Dye Pocket Patched Tee,SKU: swtee01200417136,US$8.00,NULL,https://img.ltwebstatic.com/images3_pi/2020/04/20/15873486343aad7947aa9c9d9ee525c8c1ed6638ec_thumbnail_900x.webp,4.9,4729 Reviews,"[['', 'Not the softest material right out of the bag. Maybe itll soften up after a wash. Otherwise, perfect boxy crop.', '4.9'], ['', 'Jfjdjsisjdjdjdjfjjdjdjdjdjdjkjddjjdfvdhudnddjdjdjdjdjjdjdhdhdhdhdjdifhdhhrhrhdhdhdjjdjdjfhfhffhhdhdhdrhhrhrhrhrhdhduhdhddhdjhdhdhdhdhdhdhdhdhdhdhdhhddhhdhdhdjdjdhdhdhdhdhdhdhdjdhdjdjdjdhdhjdjdjdjdjdjjddjdjjdjdddjdjdjdjjdjdjdjdjddjjdjdjdjdjdjdjdjdjddjjsjso. Cute skkdkdkkdkdkdkdkdjdjdjjdjdjdjjdjdjdjdjjdjdjjdjdjfjdjdjd', '4.9'], ['', 'Love it! Would buy a size up so it‚Äôs not so cropped', '4.9']]",4729 Reviews,
Schrute Farms Graphic Tee,SKU: swtee03191112556,US$9.00,NULL,https://img.ltwebstatic.com/images3_pi/2019/11/19/15741661397014bdbfef4265acdf829fc9038b10de_thumbnail_900x.webp,4.8,4824 Reviews,"[['', 'I was so excited to find a shirt from the office that wasn‚Äôt the same old Dunder Mifflin shirt everyone‚Äôs already got. The fabric is soft and it fits great!', '4.8'], ['', 'bears, beets, battlestar galactica', '4.8'], ['', 'Absolutely love it! I went a size up and it works great! Good quality!', '4.8']]",4824 Reviews,
Fire Graphic Short Sleeve Tee,SKU: swtee01190704683,US$9.00,NULL,https://img.ltwebstatic.com/images2_pi/2019/07/09/1562661961914831101_thumbnail_900x1199.webp,None,3202 Reviews,"[['', 'This shirt is literally fire I‚Äôm happy with my purchase', 'None'], ['', 'Thought the M would b oversized on me (I‚Äôm 5‚Äô6) it‚Äôs tighter than I expected but I still love it', 'None'], ['', 'super edgy, great fit and good material. Glad I purchased and I definitely recommend üî•', 'None']]",3202 Reviews,
Reflective Butterfly Crop Tee,SKU: swtee04200514853,US$11.00,NULL,https://img.ltwebstatic.com/images3_pi/2020/06/11/159187097477500a31a7f5aad2f89644b8ad6a8791_thumbnail_900x.webp,4.7,131 Reviews,"[['', 'Cute everyday top', '4.7'], ['', 'So cute and it‚Äôs oversized', '4.7'], ['', 'Looks really cute, the butterfly is dark grey with no flash and then lights up with the flash', '4.7']]",131 Reviews,
Car & Letter Graphic Tee,SKU: swtee23200528370,US$11.00,NULL,https://img.ltwebstatic.com/images3_pi/2020/06/22/15927944678191b7a8a10977c3b879ac4a4ebb88e9_thumbnail_900x.webp,5.0,NEW,"[['', 'so awesome and soft! very comfy', '5.0'], ['', 'Definitely cuter if you tie it up ! Follow my TikTok to see the clothes put on @official.maryamm', '5.0'], ['', '‡∏™‡∏ß‡∏¢ ‡∏ú‡πâ‡∏≤‡∏î‡∏µ', '5.0']]",NEW,
Neon Lime Slogan Graphic Tee,SKU: swtee03200327292,US$10.00,NULL,https://img.ltwebstatic.com/images3_pi/2020/03/30/1585570993f1c31020b3b5678d0058bc49a1164427_thumbnail_900x.webp,4.8,1617 Reviews,"[['', 'La tela es un poco delgada pero de excelente calidad !', '4.8'], ['', 'I like this t-shirt. It has a nice color and cool slogan. Fabric is slightly stretching but pay attention on sizing (specially on the shoulder measurement) because this shirt has a small fit.', '4.8'], ['', 'Too small for me. With SHEIN, I need to get a size up. Also, I don‚Äôt like how the shirts are all swimsuit material.', '4.8']]",1617 Reviews,
SHEIN Men Drop Shoulder Embroidery Letter Spliced Tee,SKU: smtop07200608590,US$13.00,NULL,https://img.ltwebstatic.com/images3_pi/2020/06/29/1593425285d9ebf5036392f587de8d98f86ffa3535_thumbnail_900x.webp,5.0,NEW,"[['', 'haven‚Äôt received it yet but i‚Äôm so excited üòç', '5.0'], ['', 'Bout 2 one for me (Small) and one for my bf (Large) it‚Äôs so cute üòç', '5.0'], ['', 'Bout 2 one for me (Small) and one for my bf (Large) it‚Äôs so cute üòç', '5.0']]",NEW,
SHEIN Men Slogan Print Tie Dye Tee,SKU: smtop07200520367,US$14.00,NULL,https://img.ltwebstatic.com/images3_pi/2020/05/27/1590542203a5ab0e06f9821ddeab82fd73c9220881_thumbnail_900x.webp,4.9,103 Reviews,"[['', 'big, but thats how i wanted it', '4.9'], ['', 'I ordered it for my brother he really liked it, the material is great . Like please üëç ÿ∑ŸÑÿ®ÿ™Ÿáÿß ŸÑÿßÿÆŸàŸä ÿπÿ¨ÿ®ÿ™Ÿá ŸÖÿ±ÿ±Ÿá Ÿà ÿßŸÑŸÇŸÖÿßÿ¥ Ÿäÿ¨ŸÜŸÜ ÿ´ŸÇŸäŸÑ', '4.9'], ['', 'Fits perfect on my boyfriend', '4.9']]",103 Reviews,
Drop Shoulder Butterfly Print Tee,SKU: swtee04200506293,US$13.00,NULL,https://img.ltwebstatic.com/images3_pi/2020/05/20/1589939746ada5cf17d4cd0bebcfb17cbf9fba1e4e_thumbnail_900x.webp,4.9,1755 Reviews,"[['', 'wide shirt ·µá·µò·µó ‚Åø·µí·µó long', '4.9'], ['', 'Legit exactly what i wanted to pair with bicycle shorts! In love with this top! The top is super comfortable & is made out of nice material! Love the print also. Fits perfect as an oversized tshirt. Not too oversized not too small! Love it!', '4.9'], ['', 'Love it', '4.9']]",1755 Reviews,
SHEIN Neon Green Pocket Patched Striped Ringer Tee,SKU: swtee07190318157,US$7.00,NULL,https://img.ltwebstatic.com/images2_pi/2019/04/04/15543709984118189958_thumbnail_900x1199.webp,None,9999+ Reviews,"[['', 'Love this top. I thought the stripes were black online but they are actually navy. The shirt is not see through at all and fits great', 'None'], ['', 'I got an xs, and I love it so much. Such a good casual t-shirt. (PS dont mind my messy room I was trying everything I got on)', 'None'], ['', 'Queda hermosa size correcto y ademas la tela es fina y fresca para el verano me encanta', 'None']]",9999+ Reviews,
SHEIN Car & Slogan Graphic Tee,SKU: swtee07200521831,US$8.00,NULL,https://img.ltwebstatic.com/images3_pi/2020/06/12/1591929997692878ec35965e8c6a957e30ec0c2dd8_thumbnail_900x.webp,4.9,NEW,"[['', 'I‚Äôm just trying to get my pointsüòÇ... but umm it‚Äôs cute!', '4.9'], ['', 'TRUE REVIEW: THIS SHIRT IS A 10/10 RECOMMEND. IT IS exactly like the picture and the texture is EXTREMELY SOFT. The picture is literally perfect and clear and it‚Äôs amazing.', '4.9'], ['', 'AMAZING. This tee is perfect if you want cute cheap streetwear that is still fashionable. Got a L to get that nice oversized look. In love. Message me on IG for more info @annefignole', '4.9']]",NEW,
Slogan & Graphic Slim Crop Tee,SKU: swtee04191129117,US$7.00,NULL,https://img.ltwebstatic.com/images3_pi/2019/12/25/1577241181affa165fc4acf1d4a27701f0263d6022_thumbnail_900x.webp,4.9,989 Reviews,"[['', 'I LOVED THIS!!! It‚Äôs really well and came fast!', '4.9'], ['', 'I love this tops! True to size fits perfect and the material is stretchy! But it still gives that right fitted look! Also the shipping was fast took about a week. And the tracking system kept me updated on my package. I will be ordering again!', '4.9'], ['', 'Sized up and it still fit small', '4.9'], ['', '', '4.9'], ['', '', '4.9'], ['', '', '4.9']]",989 Reviews,
Drop Shoulder Tie Dye Oversized Tee,SKU: swtee03200417481,US$12.00,NULL,https://img.ltwebstatic.com/images3_pi/2020/05/12/158928780364a799a9480a9aef1fb69c97948133ba_thumbnail_900x.webp,4.7,1050 Reviews,"[['', 'OVERSIZED TEE. PLEASE READ BEFORE YOU BUY! It‚Äôs really stylish and vibrant! It is breathable!!', '4.7'], ['', 'def an oversized t-shirt so if you don‚Äôt want it super big order a size smaller. but i love it! it‚Äôs super soft & comfy!', '4.7'], ['', 'Really big and see through but it‚Äôs nice with jeans', '4.7']]",1050 Reviews,
Sunflower Print Round Neck Tee,SKU: swtee03200312553,US$9.00,NULL,https://img.ltwebstatic.com/images3_pi/2020/03/17/1584415625a3691efd3fbb6767341cb668647ce531_thumbnail_900x.webp,4.7,3424 Reviews,"[['', 'cute, with white shorts and sandals, its a junior XXL and fits like a Large in women.', '4.7'], ['', 'It fit me a little too tight but its okay. Material feels cheap though. Its cute but i will size up next time and order different colors. ( Jean shorts are from SHEIN too / Button fly denim skinny shorts ) Im a small in shirts and pants , im 51 & weight 130 & size 5 in pants informaci√≥n for size help.', '4.7'], ['', 'Pretty', '4.7']]",3424 Reviews,
Letter Graphic Oversized Tee,SKU: swtee03191010291,US$10.00,NULL,https://img.ltwebstatic.com/images3_pi/2019/10/10/15707002426bbdf8273417f78c299facbf61cd0b28_thumbnail_900x.webp,None,7271 Reviews,"[['', 'A little bug on me but i could see it being a good loose fit shirt', 'None'], ['', 'order normal size and youll get the same oversized effect as model. Quality is meh but fair for the price. love the print.', 'None'], ['', 'I absolutely love it!', 'None']]",7271 Reviews,
Slogan Graphic Round Neck Tee,SKU: swtee03200415427,US$8.00,NULL,https://img.ltwebstatic.com/images3_pi/2020/04/22/1587551409f332aeb61d4473e6da3a1267a1c8bae7_thumbnail_900x.webp,4.9,3911 Reviews,"[['', 'I love the shirt the color is as shoes and the slogan is black and not faded. I wear 36D it was very fitted on the breast, no room enough to tie a knot if that‚Äôs the look your going for, butttt for a fitted look for someone normally ‚ÄúL‚ÄôXL‚Äù it fits(: Hope this helps. Ig Spanish_Love for pictures of the fit and how I styled. üçπ', '4.9'], ['', 'If you want to create a knot I would suggest sizing up. I ordered a small and it fits great but it‚Äôs too short to knot up like in the picture. Very cute though.', '4.9'], ['', 'My new summer shirt! Love it, the material is thick and stretches nicely. I bought it 2 sizes up so I could tie it like the picture.', '4.9']]",3911 Reviews,
Slogan Graphic Short Sleeve Tee,SKU: swtee03200424404,US$8.00,NULL,https://img.ltwebstatic.com/images3_pi/2020/05/25/1590378383ddb6eb406412846b1dda3c490a0fb1f6_thumbnail_900x.webp,4.9,229 Reviews,"[['', 'Good quality and material nice lounge tee', '4.9'], ['', 'Great fit', '4.9'], ['', 'Cute fit! Looks good tied up', '4.9']]",229 Reviews,
Drop Shoulder Skull Print Tee,SKU: swtee04200514473,US$11.00,NULL,https://img.ltwebstatic.com/images3_pi/2020/05/21/159002645369816b36d5334a0b95a53cfd75891e58_thumbnail_900x.webp,4.9,593 Reviews,"[['', 'love. the shirt comes oversized already so make sure you order your size.', '4.9'], ['', 'Love this! Cotton material. It is an oversized top. I ordered a L and I am 197 lbs 5‚Äô5‚Äù', '4.9'], ['', 'Huge af like I literally asked for a xs but whatever', '4.9']]",593 Reviews,
Floral & Slogan Graphic Tee,SKU: swtee10200513762,US$7.00,NULL,https://img.ltwebstatic.com/images3_pi/2020/05/13/1589356979d9760554a8e2b6f4d63bb539ea245a54_thumbnail_900x.webp,4.9,3314 Reviews,"[['', 'I have no idea why this was so cheap, its fantastic quality. The material is a very comfortable, light and stretchy cotton blend. Definitely recommend.', '4.9'], ['', 'Got XL but it fits like M or maybe L, but material is too soft & comfortable. Go a size up!', '4.9'], ['', 'adorable', '4.9']]",3314 Reviews,
Coconut Tree And Slogan Graphic Drop Shoulder Tee,SKU: swtee03200513693,US$14.00,NULL,https://img.ltwebstatic.com/images3_pi/2020/06/19/15925511389bc6c46936691cc5c56f6107e86b4edc_thumbnail_900x.webp,None,2030 Reviews,"[['', 'The quality is so bad', 'None'], ['', 'Thin and comfortable material, although its see-through', 'None'], ['', 'This is very oversized. The sleeves go below my elbows. If that bothers you size down for sure.', 'None']]",2030 Reviews,
Mom of Boys Graphic Tee,SKU: swtee23200522567,US$8.00,NULL,https://img.ltwebstatic.com/images3_pi/2020/06/03/1591158016335bb39818b93d3babcaff9b818dc52b_thumbnail_900x.webp,4.9,501 Reviews,"[['', 'Cute hopefully the letters don‚Äôt come off in the wash and make sure you size up!', '4.9'], ['', 'It okey ! Thin but ok material', '4.9'], ['', 'Cute!!!', '4.9']]",501 Reviews,
SHEIN Round Neck Tie Dye Tee,SKU: swtee07200423543,US$7.00,NULL,https://img.ltwebstatic.com/images3_pi/2020/05/13/158933267175daeea2f9a60f588b452332ab79dbf4_thumbnail_900x.webp,4.8,2680 Reviews,"[['', 'Seriously loved this shirt! It‚Äôs soft. But it‚Äôs also see through and definitely doesn‚Äôt fit like an XL. It fits more like a crop which is not what the pictures show.', '4.8'], ['', 'Love!! Super soft and not see through. Not as large as I thought. Definitely order two sizes up if you want an oversized look.', '4.8'], ['', 'Cute, soft, a little opaque but its for the summer so the thinner the better. Looks exactly like picture.', '4.8']]",2680 Reviews,
SHEIN Men Tie Dye Letter & Gesture Graphic Tee,SKU: smtop07190506360,US$13.00,NULL,https://img.ltwebstatic.com/images2_pi/2019/05/06/15571102921338990046_thumbnail_900x1199.webp,None,2439 Reviews,"[['', 'Loved this shirt even though it‚Äôs a men‚Äôs lol ( I was looking for a t shirt. It‚Äôs not a cotton material like a normal t shirt but it‚Äôs still soft. It‚Äôs not actually the dyed but it‚Äôs printed on because the inside is just white. Still good quality and i like it', 'None'], ['', 'fits well and the material is good..soft and comfy', 'None'], ['', 'Love the T-shirt , extremely comfortable', 'None']]",2439 Reviews,
Rose Print Short Sleeve Tee,SKU: swtee23200527063,US$9.00,NULL,https://img.ltwebstatic.com/images3_pi/2020/06/01/15909976584a21cdc80f5457da5d819bd261a0b783_thumbnail_900x.webp,4.9,2062 Reviews,"[['', 'I bought a L as I wanted it slightly baggy and oversized and I‚Äôm glad I did, would‚Äôve wanted it a bit bigger but it‚Äôs still so comfy and cute on with like a skirt or nice pair of denim shorts in summer :)', '4.9'], ['', 'Reminds me of beauty and the beast! Absolutely adore the shirt', '4.9'], ['', 'Super nice t-shirt! The print is cute and it does not get ruined when washed. The material is soft and the t-shirt fits well!', '4.9']]",2062 Reviews,
Drop Shoulder Letter Graphic Tee,SKU: swtee04200428102,US$10.00,NULL,https://img.ltwebstatic.com/images3_pi/2020/06/11/15918582842d880b2289d2be5d2873694ba3affbb7_thumbnail_900x.webp,4.8,1598 Reviews,"[['', 'Slightly see through but I love it! Going to match it my Jordan Retro 13 Playgrounds', '4.8'], ['', 'So cute! Also ignore the pic and measurements, I need points lol', '4.8'], ['', 'This shirt reminds me of tyler the creator lol it‚Äôs so cute. It is kinda see through but i can work around it', '4.8']]",1598 Reviews,
Interesting Graphic Dropped Shoulder Oversized Tee,SKU: swtee04200519584,US$11.00,NULL,https://img.ltwebstatic.com/images3_pi/2020/06/03/15911511740c8604e555351efc52f81268045536f6_thumbnail_900x.webp,4.8,120 Reviews,"[['', 'Very good quality', '4.8'], ['', 'ÿ≠ŸÑŸàÿ© ÿÆÿØŸàÿß ÿ£ÿµÿ∫ÿ± ŸÖŸÜ ŸÖŸÇÿßÿ≥ŸÉŸÖ ÿ®ÿ±ŸÇŸÖ', '4.8'], ['', 'so cute but if youre a small I would suggest going extra small cuz its very big', '4.8']]",120 Reviews,
Letter Graphic Tee,SKU: swtee04200407071,US$8.00,NULL,https://img.ltwebstatic.com/images3_pi/2020/04/20/1587385389af9eb470468af2d4d728637929d98d3c_thumbnail_900x.webp,4.8,1012 Reviews,"[['', 'Smaller than expected, thought it would be a little oversised, but it was still pretty !', '4.8'], ['', 'Not satisfied at all !!! See the whole bra !!! Not worth!!! Dont buy', '4.8'], ['', 'see through get a size bigger !!', '4.8']]",1012 Reviews,
Sun & Butterfly Print Longline Tee,SKU: swtee04200619067,US$12.00,NULL,https://img.ltwebstatic.com/images3_pi/2020/06/22/15927927722d2718780a83aab1b61e6c5d427e60d5_thumbnail_900x.webp,4.9,NEW,"[['', 'soo definitely a cute, simple shirt BUT it runs real big ... I‚Äôm a true M and I ordered an XS and the shirt is still way oversized, still a cute oversized tho. But if I ordered any bigger it probably would have been too baggy :/ just a warning. Not see through at all !', '4.9'], ['', 'super cute!!', '4.9'], ['', 'LOVE this shirt. Its a bit big although I did order a small but still super cute! Material is so soft and the print on it is also really nice. When I do purchase oversized tees next time though, Ill make sure to get an XS . (P.S., I got these bc I was also getting the slant pocket button fly cargo pants in the color pink, and they both go really well together. Just thought I should put that out there hehe).', '4.9']]",NEW,
Raglan Sleeve Letter Graphic Crop Tee,SKU: swtee04200528667,US$7.00,NULL,https://img.ltwebstatic.com/images3_pi/2020/06/02/1591097618a8334d7228c602f9ff8007ad0fe9663d_thumbnail_900x.webp,None,NEW,[],NEW,
SHEIN Colorblock Twist-Front Short Sleeve Tee,SKU: swtee07190614171,US$8.00,NULL,https://img.ltwebstatic.com/images2_pi/2019/07/10/1562746572230304985_thumbnail_900x1199.png,5.0,9999+ Reviews,"[['', 'Size small and it fits great.', '5.0'], ['', 'A little bit baggy, but very pretty shirt. The knot makes the shirt awkward from a side angle and I look 9 months pregnant ngl but overall, good. Not 100% see through but the pink part is sort of if you look real close.', '5.0'], ['', 'very soft and would definitely recommend getting this shirt', '5.0']]",9999+ Reviews,
SHEIN Drop Shoulder Slit Side Longline Tee,SKU: swtee07200220478,US$11.00,NULL,https://img.ltwebstatic.com/images3_pi/2020/03/09/15837423647d5627bc2a84f2f29633f556369e9728_thumbnail_900x.webp,4.9,9999+ Reviews,"[['', 'Love it!!', '4.9'], ['', 'Loved it!', '4.9'], ['', 'Ordered down a size per reviews. Think the sleeves would‚Äôve been too long had I ordered my normal small. Super cute!', '4.9']]",9999+ Reviews,
Burnt Out Car Graphic Oversized Tee,SKU: swtee00191214066,US$12.00,NULL,https://img.ltwebstatic.com/images3_pi/2019/12/14/15763056126034e75a86935506cd8f3698bc10d1ab_thumbnail_900x.webp,4.8,2583 Reviews,"[['', 'Cute fit as a over sized tee but not to big ( I‚Äôm 5‚Äô1 101 pounds)', '4.8'], ['', 'I listened to reviews about sizing down bc it‚Äôs way too big but I wnated it to be a little big and they were all wrong. If you‚Äôre wanting this to go with biker shorts get a large !', '4.8'], ['', 'A little big', '4.8']]",2583 Reviews,
Letter Graphic Oversized Longline Tee,SKU: swtee04200421920,US$12.00,NULL,https://img.ltwebstatic.com/images3_pi/2020/05/11/15891686336d5caf7c09da252b4c0eb4245b581d58_thumbnail_900x.webp,4.8,596 Reviews,"[['', 'I was going for more of a street wear fashion type look, so this is exactly what I wanted:)', '4.8'], ['', 'This tee is definitely oversized to the point where you can size down. I went with an XS (usually a S) and I‚Äôm glad I did because it still looks oversized.', '4.8'], ['', 'Very very OVERSIZE', '4.8']]",596 Reviews,
Round Neck Solid Tee,SKU: swtee00200106641,US$9.00,NULL,https://img.ltwebstatic.com/images3_pi/2020/01/06/157830980509ab7835a8325cd0c34817e366ea6ffc_thumbnail_900x.webp,None,1219 Reviews,"[['', 'Awesome cropped tee! I want more! Sizing is perfect for me. Very comfortable. Its not loose fitting as it might appear in the model photo. I want more colours of this shirt.', 'None'], ['', 'Would size up if your looking for a loose fit', 'None'], ['', 'I got a large just so it would be big on me & it actually fits perfect so I‚Äôm glad I sized up. I‚Äôm usually a small and I got a large. It‚Äôs very soft and comfortable.', 'None']]",1219 Reviews,
Dinosaur Print Round Neck Tee,SKU: swtee01200414048,US$11.00,NULL,https://img.ltwebstatic.com/images3_pi/2020/04/14/158687704626728ffeb43041ae5641f0bd5c76dde8_thumbnail_900x.webp,4.8,834 Reviews,"[['', 'I just love dinosaurs and I needed some new clothes so... BAM, dinosaur shirt!', '4.8'], ['', 'youthful', '4.8'], ['', 'True to size and very comfortable! A bit weird looking around the chest area. I feel like the patches will come off easily so maybe wash it by hand', '4.8']]",834 Reviews,
SHEIN Contrast Neck Striped Rib-knit Crop Tee,SKU: swtee07190424299,US$5.00,NULL,https://img.ltwebstatic.com/images2_pi/2019/05/17/15580854481074898249_thumbnail_900x1199.webp,None,9999+ Reviews,"[['', 'Very cute, but kinda new for me with the length.', 'None'], ['', 'At first I was really confused whether to buy or not,but after getting this top Im really happy 4 the decision that I made, its the prettiest dress ever I bought from shein, Im usually xs or s but by going through review I got myself a M and it was perfect ‚ù£Ô∏è,so do size up and buy this one its really very pretty and comfyüòä', 'None'], ['', 'really good quality fabric (not thin or transparent at all) and overall very cute and well-fitting. Ordered a medium because I have a larger bust area and it fits super well and looks great :)', 'None']]",9999+ Reviews,
Figure & Slogan Oversized Tee,SKU: swtee00200515849,US$13.00,NULL,https://img.ltwebstatic.com/images3_pi/2020/05/28/15906472737cec502de5382a57d7690bb8e0ec0c61_thumbnail_900x.webp,None,1152 Reviews,"[['', 'I WILL BE DOING A VIDEO ON THE CLOTHES I BROUGHT FEOM SHIEN!!!! ü¶ãITS AN ORIGINAL IDEAü¶ã I‚Äôm doing ‚Äòomighty dupes‚Äô so please check me out and subscribe if you enjoy my content!! ü•≥üßöüèΩ\u200d‚ôÄÔ∏èüéâüíì @ marah fitzgerald on YouTube x (ignore the weight and stuff I‚Äôll explain in my video my sizes and stuff)', 'None'], ['', 'It‚Äôs really cute but it‚Äôs really thin and the picture isn‚Äôt that vibrant', 'None'], ['', 'Is true to size if the oversized fit is what you are looking for shame there isn‚Äôt an XS to make it a ‚Äònormal fitting‚Äô tee for people who are already a S but it still fits really nice. Good quality and nice print. I‚Äôm 4‚Äô10 and size 34DD (UK Bra sizing) and S has plenty of room also quite long.', 'None']]",1152 Reviews,
SHEIN Drawstring Side Solid Tee,SKU: swtee07200526576,US$8.00,NULL,https://img.ltwebstatic.com/images3_pi/2020/06/20/159262946244199f2ce83e363ed4ba64dc2dfe50c5_thumbnail_900x.webp,None,1410 Reviews,"[['', 'Usually I am a size small, but with tight fitting tops I‚Äôll up a size. I got a medium and it was perfect! For reference I‚Äôm 5‚Äô4 and 117 pounds. If you‚Äôre looking for a very fitted look then get your usual size but if you want it a bit loose up a size. It‚Äôs not that baggy looking even when sizing up. Great material and very comfortable! Looks just like the picture!', 'None'], ['', 'love it. fits perfectly.', 'None'], ['', 'It fits really nice and it‚Äôs super stretchy but sub to my channel @ Diane Parisüíó', 'None']]",1410 Reviews,
Embroidered Butterfly Graphic Oversized Tee,SKU: swtee01200514006,US$14.00,NULL,https://img.ltwebstatic.com/images3_pi/2020/05/26/1590473713c535d0a1e675a570b06536a19ded54cd_thumbnail_900x.webp,4.8,368 Reviews,"[['', 'Not oversized, if youre looking for it to be - size up! Ordering a medium as we speak, gonna keep the small though for when i wanna wear a normal sized tee - super cute!', '4.8'], ['', 'Love it', '4.8'], ['', 'very cute but the butterfly is a patch it isn‚Äôt actually embroidered on', '4.8']]",368 Reviews,
Butterfly Print Round Neck Tee,SKU: swtee23200522088,US$8.00,NULL,https://img.ltwebstatic.com/images3_pi/2020/05/30/15908106910c1af624a57a1d2ca99ac4d0f17d2bc4_thumbnail_900x.webp,4.9,1022 Reviews,"[['', 'nicw and confortable shirt', '4.9'], ['', 'Beautiful', '4.9'], ['', 'Got a gift for person who wears a medium and it got tight I recommend going a size up', '4.9']]",1022 Reviews,
Car & Letter Graphic Tee,SKU: swtee23200703583,US$9.00,NULL,https://img.ltwebstatic.com/images3_pi/2020/07/03/1593760713293afa65697afac15a62ddcec3d57b04_thumbnail_900x.webp,5.0,NEW,"[['', 'So cute I love it', '5.0']]",NEW,
Letter Graphic Oversized Tee,SKU: swtee04200421759,US$14.00,NULL,https://img.ltwebstatic.com/images3_pi/2020/05/04/15885798809896370096e82bd41c3653d96fe800b5_thumbnail_900x.webp,4.8,1177 Reviews,"[['', 'Try on on my tiktok @rxmygg', '4.8'], ['', 'In love with this shirt! Looks exactly like the pic. It is definitely oversized so you can even size down if you want to. I‚Äôm usually a size sm and went with a xs and it is still oversized (:', '4.8'], ['', 'Keep in mind this is pretty oversized; I usually wear a large and I ordered a medium and it still fits me pretty large', '4.8']]",1177 Reviews,
SHEIN I am a Mom Graphic Short Sleeve Tee,SKU: swtee07190116409,US$7.00,NULL,https://img.ltwebstatic.com/images2_pi/2019/05/28/15590065453992289595_thumbnail_900x1199.webp,None,3099 Reviews,"[['', 'Kudos to all ya mommy‚Äôs out there!!! My daughters are 18 and 12 and I am one proud mommy rockin this t-shirt!!! Quality is A1!!!! Love this!!!!!!', 'None'], ['', 'Definitely worth the purchase, it‚Äôs a soft tee and I got a medium as I‚Äôm between small and medium and the medium fit with extra room to tie or tuck into jeans or skirt so I‚Äôd say go with ur size or go up if u want a loose fit it‚Äôs 60% cotton so it‚Äôs definitely a very soft tee, Id but if their were more colors because I don‚Äôt trust myself with white lol but I love this shirt (also ignore measurements they are not right)', 'None'], ['', 'Soft T-shirt. Feels normal. I like it for my lazier days. Days I don‚Äôt care to dress up or get around. True to size. 120lbs 5‚Äô6‚Äù..', 'None']]",3099 Reviews,
Figure & Letter Graphic Tee,SKU: swtee03200420298,US$9.00,NULL,https://img.ltwebstatic.com/images3_pi/2020/04/22/1587495025706bf96bd3e0e911d4f4b62725babd57_thumbnail_900x.webp,4.8,770 Reviews,"[['', 'I really liked this shirt, says 100% cotton, fits good. Got a size medium im 160 pds, 38B', '4.8'], ['', 'Love this top. Great quality true to size.', '4.8'], ['', 'Got a large for a loose look but a medium would have been better, it is too big but quality and design are great', '4.8']]",770 Reviews,
SHEIN Drop Shoulder Letter & Skull Print Longline Tee,SKU: swtee07200617590,US$11.00,NULL,https://img.ltwebstatic.com/images3_pi/2020/07/02/1593655509728a501b3520462c2b81baefa7d8b028_thumbnail_900x.webp,4.7,NEW,"[['', 'super cute not see through', '4.7'], ['', 'I recommend sizing up. I‚Äôm usually a M but I got a L in this shirt so it comes just below the bootay üçë. It would still be oversized if you don‚Äôt size up but it would be the nice kinds of oversized that we all strive for. Well atleast what i strive for. lol tf am i saying. Anyways it‚Äôs really good and the design and bleach isn‚Äôt printed on it‚Äôs actually a part of the shirt which i love. Kinda see through when you‚Äôre not wearing it but when you put it on it‚Äôs not see through anymore so that‚Äôs good. It has a silky feel which is nice on the skin and better than cotton in my opinion. I‚Äôm really happy it‚Äôs my favourite shirt. My mum hates the skull on it tho lol üòÜ . Perfect with biker shorts. ps Ignore the measurements below I just put in random stuff lol', '4.7'], ['', 'great material still large even though I got an XS , but it‚Äôs still cute .', '4.7']]",NEW,
Car & Letter Graphic Tee,SKU: swtee03200506342,US$9.00,NULL,https://img.ltwebstatic.com/images3_pi/2020/05/09/1589035207f96a3a050bffe9a3c9fbbe31f61f7cf0_thumbnail_900x.webp,4.7,3166 Reviews,"[['', 'i usually wear a size medium or small, but i ordered a large and it fits snug but perfect. definelty size up!', '4.7'], ['', 'Very cute! The material is perfect. 100% cotton super comfortable. (Ignore measurement below)', '4.7'], ['', 'LOVE THIS TOP SO MUCH!!! if you are not sure if you should buy this then definitely do. :):):):):):):):):):):):):):):):):):):):)!!!!!!!!!!!!!!!!!!!!!!!!!!!!!!!!!!!!!!!!!!!!!!!!!!!!!!!!!!!!!!!!!!!!!!!', '4.7']]",3166 Reviews,
Slogan Graphic Drop Shoulder Longline Tee,SKU: swtee04200409736,US$11.00,NULL,https://img.ltwebstatic.com/images3_pi/2020/05/03/15884965823ff92024974536a921b75d78d4d2d319_thumbnail_900x.webp,4.8,1806 Reviews,"[['', 'Super cute and SOFT, best quality ever', '4.8'], ['', 'This shirt is so cute but the shirt makes me feel a little out of my confront zone but thats ok because I want to try new type of style.', '4.8'], ['', 'Big but super cute', '4.8']]",1806 Reviews,
Letter Graphic Crop Tee,SKU: rtsh180308175,US$9.00,NULL,https://img.ltwebstatic.com/images/pi/201803/47/15204014599824984612_thumbnail_900x.webp,None,8414 Reviews,"[['', 'Love love love this shirt but if you don‚Äôt like a good crop, it‚Äôs not gonna be for you.', 'None'], ['', 'super cute shirt. I‚Äôm usually a small but I got the medium so it would be a little more baggy. if you want it to be a crop top and a little tight I would get your normal size but if you wanted it to be a looser T-shirt get a size up! Overall color is really pretty, nice quality! cute shirt!', 'None'], ['', 'Love this shirt!', 'None']]",8414 Reviews,
Social Distancing Graphic Short Sleeve Tee,SKU: swtee23200602681,US$8.00,NULL,https://img.ltwebstatic.com/images3_pi/2020/06/08/1591593021ae8e3a308b71fe0341126a473d08cad7_thumbnail_900x.webp,4.9,1262 Reviews,"[['', 'Love this tee. Great to wear outside in public and remind everyone to keep away lol', '4.9'], ['', 'Super comfy and good for when the second wave of Covid hits!', '4.9'], ['', 'Cute t shirt. I noticed one of the letters are missing but I‚Äôll still wear it anyways.', '4.9']]",1262 Reviews,
Lightning Print Oversized Tee,SKU: swtee04200402549,US$9.00,NULL,https://img.ltwebstatic.com/images3_pi/2020/04/20/15873492498dfdb7b3fa29ec67c8824283fbd8499f_thumbnail_900x.webp,4.8,1145 Reviews,"[['', 'SIZE DOWN!!!!!!! i got a small & fit me great, if you want it extremely oversized then you can just get your normal size, but this small feels like a large// go checkout my tiktok lol @skylerrosser for the video', '4.8'], ['', 'super cute and nice material this is a small and it fits my dad üòÇ', '4.8'], ['', 'im usually a medium so i got a small because of reviews iv seen but depending on the look youre going for. perfect size if you want it a little baggy but if you want it to fit better the get xs. I really love this shirt its so comfortable and the material is good', '4.8']]",1145 Reviews,
Cartoon And Letter Graphic Tee,SKU: swtee00200407986,US$12.00,NULL,https://img.ltwebstatic.com/images3_pi/2020/04/07/1586245929ae963df896aefca4b529e709cdf99429_thumbnail_900x.webp,None,9999+ Reviews,"[['', 'Love, love, love. I ordered a size up to make it off the shoulders but had to cut the sides in the end. Still love the shirt.', 'None'], ['', 'True to size', 'None'], ['', 'Paired it with some cute bottoms, love it', 'None']]",9999+ Reviews,
Letter Graphic Oversized Tee,SKU: swtee03200415083,US$13.00,NULL,https://img.ltwebstatic.com/images3_pi/2020/06/08/159161340419ad8f8d64e37f0eeb2c73866ba6037c_thumbnail_900x.webp,None,3605 Reviews,"[['', 'it‚Äôs an oversized tee so DEFINITELY size down I would have been good w/ an XS but it‚Äôs super cute', 'None'], ['', 'This definitely was oversized! It had a thin material (not see through) and the graphic is paper feeling. I still love and recommend this!', 'None'], ['', 'Just like the picture and good materialistic , but the logo isn‚Äôt centered on mine. Also don‚Äôt dry, even on delicate, because it will shrink.', 'None']]",3605 Reviews,
New York Graphic Boxy Tee,SKU: RTSH160711125,US$8.00,NULL,https://img.ltwebstatic.com/images/pi/201706/e5/14982046884926625224_thumbnail_900x.webp,4.8,2538 Reviews,"[['', 'I love this shirt! The material is soft, not like viscose but close enough. The print landed right above my boob, it‚Äôs spelled correctly and there‚Äôs no loose strings. When I first saw it I thought to myself ‚Äúwow, this is short‚Äù, but when I put it on it was still okay. In the second picture I am pulling my pants down. As you see, this shirt covers my belly button. So it‚Äôs still a decent length. I‚Äôm 5‚Äô6 /168cm tall. So this shirt will only show your stomach if you‚Äôre a very tall person. This shirt is not see through either which is great. I thought this might not fit me since I sometimes have to buy plus size things, but it fit great!', '4.8'], ['', 'Love love love it! Yellow is such a happy color and this top instantly makes you look lively and bright.I first bought the blue one and liked it so much so I then bought the yellow! I sized up though since I wanted a more oversized fit.', '4.8'], ['', 'I went two sizes bigger because I read that it ran a little small and Im very glad I did! I wanted it to be a little baggier but the cropped-ness is still there:) perfect!', '4.8']]",2538 Reviews,
Lip Print Short Sleeve Tee,SKU: swtee23200610077,US$8.00,NULL,https://img.ltwebstatic.com/images3_pi/2020/06/22/1592805618776249b2ddb00172b6de7afd0e0b143a_thumbnail_900x.webp,4.9,NEW,"[['', 'üôÇ', '4.9'], ['', 'Like', '4.9'], ['', 'Love', '4.9']]",NEW,
SHEIN Letter Graphic Tee,SKU: swtee07200402081,US$9.00,NULL,https://img.ltwebstatic.com/images3_pi/2020/04/28/1588049936e11fb8c4cf7ea1f83e9d2192ed8d1fd1_thumbnail_900x.webp,4.9,4841 Reviews,"[['', 'Pretty basic tee to dress up! Love it!', '4.9'], ['', 'Love this. Super soft & nice color. Fits a bit over sized like I wanted', '4.9'], ['', 'So cute! Great material and good quality. Not super see through. I love it.', '4.9']]",4841 Reviews,
SHEIN Night Racing Car Graphic Tee,SKU: swtee07200331744,US$9.00,NULL,https://img.ltwebstatic.com/images3_pi/2020/05/14/158942186397dc81598d47c7c374e0f7ac63428b39_thumbnail_900x.webp,4.9,2684 Reviews,"[['', 'Exactly as pictured. Love it!', '4.9'], ['', 'Fits very well. Good quality and super soft. If you want to see a more In depth review check out my YouTube @thenanashown', '4.9'], ['', 'Super cute I order L so it was oversized and it worked! (I‚Äôm usually S)', '4.9']]",2684 Reviews,
Heathered Knit Cuffed Sleeve Cropped Tee,SKU: RTSH170411003,US$8.00,NULL,https://img.shein.com/images/shein.com/201704/77/14928256246267373027_thumbnail_900x1199.webp,None,2061 Reviews,"[['', 'This is a super soft and wonderful basic grey shirt! I love it! For reference Im 34B (88cm/34.6in), 161cm (5 3"") Tall, waist 67cm (26in) and I ordered a M. The fabric is nice, and the length is ideal for me. Recommended 100%! I took some measurements of the top.', 'None'], ['', ""(ignore my body measurements, they aren't accurate at the time of this review) i'm 97-100 pounds, 5'2 feet, and can typically fit into 32B, 34B, 36B (US size) bras. - just like the photo - comfortable cotton fabric - has decent stretch - the cuff is not stitched into the shirt, it's made where you can roll it up with ease and wear either way i'm not too sure if it would fit well on bigger girls, it might be a bit tight! unless you wanna go for that look, then i could see that being cute. however, shein shirts are returnable, so if you do buy and the one-size doesn't fit how you'd like, no biggie. overall, super versatile and cute. recommend!"", 'None'], ['', 'Now my favourite shirt I own. Such good quality for the price. Soft and has a bit of stretch. In love!', 'None']]",2061 Reviews,
Butterfly & Letter Graphic Oversized Tee,SKU: swtee02200618438,US$17.00,NULL,https://img.ltwebstatic.com/images3_pi/2020/06/22/1592815816a7a769145a6240393fd610393dc6c35e_thumbnail_900x.webp,None,9003 Reviews,"[['', 'super cute! it‚Äôs very oversized like it‚Äôs named so size down if you don‚Äôt want it super loose.', 'None'], ['', 'supper cute! it fits well, i have a bigger chest so I ordered a large and it was still oversized but not too big either. I love it!', 'None'], ['', 'Love the tshirts you can wear it so many different ways üòçüòç', 'None']]",9003 Reviews,
24 Never Forget Graphic Tee,SKU: swtee03200305299,US$9.00,NULL,https://img.ltwebstatic.com/images3_pi/2020/03/05/1583390877b02382d8f1573a8f14a3969f2c5efe52_thumbnail_900x.webp,4.8,3519 Reviews,"[['', 'Got a size M and I have a bigger bust but I am fairly skinny, it fits good but they run small so size up one for a perfect fit. I LOVE!', '4.8'], ['', 'When I got my package my letters were peeling I‚Äôm very disappointed', '4.8'], ['', 'Perfect! RIP Kobe', '4.8']]",3519 Reviews,
Slogan & Graphic Print Tee,SKU: swtee01200313913,US$10.00,NULL,https://img.ltwebstatic.com/images3_pi/2020/03/25/158511149324e59a1c4907ab3022fa778aa6c08c41_thumbnail_900x.webp,4.9,1268 Reviews,"[['', 'I‚Äôm usually a medium but I like getting larges in my tee shirts for a looser fit. Great quality tee and the decal is well made. I‚Äôm so happy with this! I‚Äôm 5‚Äô7, 140 lbs give or take, and a 32B/C for reference', '4.9'], ['', 'Really nice T-shirt, a little bit lousy but still a nice product! If you want it perfectly fitting order a size down.', '4.9'], ['', 'Really cute and good quality material.', '4.9']]",1268 Reviews,
Butterfly Print Round Neck Tee,SKU: swtee00200402418,US$9.00,NULL,https://img.ltwebstatic.com/images3_pi/2020/04/02/158582861160c346ffc1014b94e1fe76163635accc_thumbnail_900x.webp,4.9,482 Reviews,"[['', 'Me encanto! Viene un poco pegada pero esta bien', '4.9'], ['', 'The material is just a little see through but its still great. the butterflies are such a pretty color.', '4.9'], ['', 'Love this shirt!! My favorite it‚Äôs a little see through but nice soft material', '4.9']]",482 Reviews,
Letter & Car Print Oversized Tee,SKU: swtee03200402395,US$13.00,NULL,https://img.ltwebstatic.com/images3_pi/2020/04/26/1587902794604c09e5ed5c2c8e5a21f8aee8308e10_thumbnail_900x.webp,4.6,723 Reviews,"[['', 'Just what I was expecting. Cute oversized fit! I got a medium just to make sure it fit how I want. It covers my butt. This will be really cute with biker shorts', '4.6'], ['', 'Ordered a medium, but it fits like an extra large more of a sleeping tee now for me', '4.6'], ['', 'I usually wear a XL in tops or tshirts and this fits as if it was that. So if you are smaller that me know that it will be very oversized because this is a S. I love the bright vibrant colors.', '4.6']]",723 Reviews,
Letter Graphic Crew Neck Tee,SKU: swtee01191227607,US$10.00,NULL,https://img.ltwebstatic.com/images3_pi/2019/12/31/157777254277c91f1bce8d2c6dc2f393a55286c616_thumbnail_900x.webp,4.8,212 Reviews,"[['', 'I am really satisfied with the quality of this shirt! The material is great and it feels like a regular t shirt you would get from some Macys brands. There was a little bit of a film on the shirt when I first got it. I believe it came from the print on the shirt, but once I washed it, that went away. I am only 52 so the shirt is a little long for me but I will probably just tie it up when I wear it. Its super cute and I would recommend it!', '4.8'], ['', 'love this, recommend, great purchase', '4.8'], ['', 'excuse the long tits... I didnt feel like putting on a bra. I LOVE the saying and the color', '4.8']]",212 Reviews,
Letter Graphic Drop Shoulder Oversized Tee,SKU: swtee44200513493,US$10.00,NULL,https://img.ltwebstatic.com/images3_pi/2020/05/18/1589777944b39075b8079780bcfbed00b5ff1d54c1_thumbnail_900x.webp,4.8,654 Reviews,"[['', 'It is definitely oversized but comes out great if thats the look you are looking for. Im 5‚Äô1 so it looks waay too big for me.. so if you‚Äôre shorty like me you can probably go down one size.', '4.8'], ['', 'I love this oversized tee the colour is brilliant and the length is perfect', '4.8'], ['', 'I wish I sized down with this, I went bigger just because I wanted a few oversized tees but it‚Äôs really really big. The top itself is really comfy and I like the colour. Paired with a nice belt I think it will look fine or even to lounge in.', '4.8']]",654 Reviews,
Figure Print Colorblock Crop Tee,SKU: swtee01200420701,US$6.00,NULL,https://img.ltwebstatic.com/images3_pi/2020/04/27/1587952651b3564d2961f0e33e8d5a2c582d9c1382_thumbnail_900x.webp,4.7,1824 Reviews,"[['', 'Very nice x', '4.7'], ['', 'Little small and thin but reminds me of yk', '4.7'], ['', 'Love it! super cute but shorter than expected. I‚Äôm 5‚Äô7 and bought a medium', '4.7']]",1824 Reviews,
SHEIN Men Letter Graphic Striped Tee,SKU: smtop07200310835,US$9.00,NULL,https://img.ltwebstatic.com/images3_pi/2020/04/02/1585791990855757c966df1a33b6d0757a74295780_thumbnail_900x.webp,4.8,1643 Reviews,"[['', 'muy linda y de muy bna calidad, a mi esposo le encanto', '4.8'], ['', 'Love it. Ha can‚Äôt tell what it says but a rad shirt', '4.8'], ['', 'yes.. i know i‚Äôm a chick but i love this!! super comfy and perfect for wearing over my swimsuit', '4.8']]",1643 Reviews,
Slogan Graphic Ringer Tee,SKU: RTSH170517301,US$5.00,NULL,https://img.ltwebstatic.com/images/pi/201706/61/14982048650572628801_thumbnail_900x.webp,None,3702 Reviews,"[['', 'love it!', 'None'], ['', 'The quality is poor, gonna return it.', 'None'], ['', 'Looks like the picture. I usually wear a S but a M fit just fine. So I would suggest to go for one size up', 'None']]",3702 Reviews,
Dragon Print Drop Shoulder Tee,SKU: swtee03200409050,US$11.00,NULL,https://img.ltwebstatic.com/images3_pi/2020/04/26/1587902775a53e267aad38bf209173ba66b34a309f_thumbnail_900x.webp,None,1681 Reviews,"[['', 'Love this top. Has an over sized fit but it‚Äôs how I like it.', 'None'], ['', 'This is an oversized shirt so I got a small and it ofc is still huge. But I love ittt. This shirt is ridiculously stretchy and soft. It‚Äôs not that silk material. It‚Äôs cotton. Not too thick. In love.', 'None'], ['', 'OVERSIZE TEES FOR THE WIN!', 'None']]",1681 Reviews,
SHEIN California West Coast Graphic Cropped Tee,SKU: swtee07200518381,US$8.00,NULL,https://img.ltwebstatic.com/images3_pi/2020/06/05/159133588772df6c71461157ecbc622cae5e34788b_thumbnail_900x.webp,4.9,162 Reviews,"[['', 'so nice. love this alot really comfy great material 10 out of 10', '4.9'], ['', 'Lovely comfortable top', '4.9'], ['', 'A little big but nice top would recommend', '4.9']]",162 Reviews,
Letter Graphic Short Sleeve Tee,SKU: swtee01200323722,US$9.00,NULL,https://img.ltwebstatic.com/images3_pi/2020/04/07/15862237047751cccdc957df05b7c33cef7cf87582_thumbnail_900x.webp,4.8,1175 Reviews,"[['', 'A bit loose but looks super cute and it‚Äôs really comfy', '4.8'], ['', 'good size', '4.8'], ['', 'so cute and great quality!! definitely buying more products!!', '4.8']]",1175 Reviews,
Tie Dye Butterfly Embroidery Crop Tee,SKU: swtee03200504790,US$8.00,NULL,https://img.ltwebstatic.com/images3_pi/2020/05/08/15889045900362baa1fbb026cf8f866598c80d5b41_thumbnail_900x.webp,4.9,2186 Reviews,"[['', 'Did not think it was cropped but soft and great colors the butterfly is cute', '4.9'], ['', 'ÿ≠ÿ®Ÿäÿ™Ÿá ŸÖÿ±ÿ© ŸàŸäŸÜÿßÿ≥ÿ® ÿßŸÑÿµŸäŸÅ üíó ŸàŸÑŸàŸÜŸá ÿßÿ≠ŸÑŸâ ŸÖŸÜ ÿßŸÑÿµŸàÿ±ÿ© ÿßŸÑŸä ÿµŸàÿ±ÿ™Ÿáÿß ŸÖÿπ ÿ™ÿµŸàŸäÿ± ÿßŸÑÿ¨ŸàÿßŸÑ ŸÖÿß Ÿäÿ®ŸÜ ŸÑŸàŸÜŸá ÿ®ÿßŸÑÿ≠ŸÇŸäŸÇÿ© Ÿàÿ™ÿµŸàŸäÿ± ÿßŸÑÿ¨ŸàÿßŸÑ ŸäÿÆŸÑŸäŸá ŸÖÿ®ŸäŸÜ ŸÅÿßÿ™ÿ≠ ŸÖÿ±ÿ© ÿå ÿßŸÜÿµÿ≠ŸÉŸÖ ÿ™ÿ∑ŸÑÿ®ŸàŸÜŸá', '4.9'], ['', 'I love this!! I can‚Äôt stress it enough. It‚Äôs SO soft and the butterfly looks so cute. I want to order this in ever color if it were available!!!', '4.9']]",2186 Reviews,
Sunflower Print Round Neck Tee,SKU: swtee03200313546,US$9.00,NULL,https://img.ltwebstatic.com/images3_pi/2020/03/25/1585101132fdefea40ea04a239c998eb948c6a448f_thumbnail_900x.webp,4.8,6069 Reviews,"[['', 'Fits perfectly, I‚Äôm not the smallest of people, I have a size 36DD breast and this fits amazingly with space as well. Love the colour and texture! Great for summer!!', '4.8'], ['', 'Fit perfectly, looks exactly like picture. The quality of fabric is okay but the screen on the tee feels really cheap. Im pretty sure it will fade very quickly', '4.8'], ['', 'Cute casual top', '4.8']]",6069 Reviews,
Tropical Palm Graphic Tee,SKU: swtee03190605982,US$9.00,NULL,https://img.ltwebstatic.com/images2_pi/2019/06/05/15597201004096304705_thumbnail_900x1199.webp,4.8,2350 Reviews,"[['', 'So cute!', '4.8'], ['', 'love this shirt! I had gotten complements the first time I wore it out. Good material and mine isnt see through or thin like Ive read on other reviews. mine is actually a thick material t-shirt. I bought a large and its true to size!', '4.8'], ['', 'This shirt is so fun! It‚Äôs bright and definitely a summer shirt! I got a medium, it‚Äôs light and airy and looks great with a pair of jeans! Get ittt!', '4.8']]",2350 Reviews,
Checker Plaid Colorblock Crop Tee,SKU: swtee03200610578,US$7.00,NULL,https://img.ltwebstatic.com/images3_pi/2020/06/10/1591787295aa8891a856fb7e1b578ffb8b1d7801f8_thumbnail_900x.webp,4.8,328 Reviews,"[['', 'I love this top it is sooooooooooooooo cute and matches with everything', '4.8'], ['', 'nice material , good size', '4.8'], ['', 'fits great', '4.8']]",328 Reviews,
Tie Dye Letter Graphic Tee,SKU: rwtee01190318317,US$9.00,NULL,https://img.ltwebstatic.com/images2_pi/2019/03/15/15526292104000365409_thumbnail_900x1199.webp,None,2731 Reviews,"[['', 'Such a cute t-shirt. definitely a good purchase', 'None'], ['', 'I ordered a large so it‚Äôd be baggy but it fit like a regular T-shirt so I just wish it was more oversized. But overall a good material and looks pretty much the same as the picture maybe a little less vibrant.', 'None'], ['', 'Gorgeous and soft material', 'None']]",2731 Reviews,
Striped Polo Neck Crop Tee,SKU: swtee00191125348,US$15.00,NULL,https://img.ltwebstatic.com/images3_pi/2019/11/25/157466293427832d72a38ee49ee141557b5adab163_thumbnail_900x.webp,4.8,1507 Reviews,"[['', 'Fit Good Long Sleeves Crop..', '4.8'], ['', 'love it great material and length', '4.8'], ['', 'Pretty cropped more than I expected if I‚Äôm being honest. Material is pretty thin as well and I‚Äôm sure if you wore a black or colored bra it would show. I‚Äôll more than likely wear some high waisted jeans or sweatpants that won‚Äôt show my stomach as they do in the picture.', '4.8']]",1507 Reviews,
USA Graphic Boxy Tee,SKU: RTSH170309107,US$6.00,NULL,https://img.ltwebstatic.com/images3_pi/2020/01/03/1578040079756ca4166f85720f10b284a672fb4826_thumbnail_900x.webp,None,9999+ Reviews,"[['', 'i love it!! the material is soft and the quality is great. the colors aren‚Äôt faded at all and are vibrant! it does smell weird tho so i totally recommend washing before wearing :)', 'None'], ['', 'I LOVE this crop tee! I can‚Äôt wait to wear it more', 'None'], ['', 'Cute shirt. Nice material. Height: 5‚Äô2 weight: 138lbs bust size: 32D', 'None']]",9999+ Reviews,
SHEIN Stronger Together Slogan Graphic Tee,SKU: swtee07200628564,US$12.00,NULL,https://img.ltwebstatic.com/images3_pi/2020/07/03/15937457552f39ed02dad81093f4fc3bd80686a182_thumbnail_900x.webp,5.0,NEW,"[['', 'Perfect fit. Would recommend a size up, the material is a little tight.', '5.0'], ['', 'Super cute!', '5.0']]",NEW,
Sunflower & Letter Graphic Tee,SKU: swtee23200522799,US$8.00,NULL,https://img.ltwebstatic.com/images3_pi/2020/06/03/15911580022c21fc65e2f20bb71d4a43dfc88f5277_thumbnail_900x.webp,4.9,1370 Reviews,"[['', 'love it', '4.9'], ['', 'Fit just right!!', '4.9'], ['', 'So pretty in person, sizing is perfect, love it !', '4.9']]",1370 Reviews,
SHEIN Paris Graphic Short Sleeve Tee,SKU: swtee07190312169,US$9.00,NULL,https://img.ltwebstatic.com/images2_pi/2019/03/29/15538523562599072616_thumbnail_900x1199.webp,None,9999+ Reviews,"[['', 'its a good shirt to wear. it is comfy, good material, love the color and matches with every outfit.', 'None'], ['', 'My first order with SHEIN and dint need to send a single item back! My order arrived to the UK a week and a half earlier than expected and delivered with Royal Mail! Just make sure to read reviews! This top is amazing quality I‚Äôm an Xs I wanted it to be more oversized so got a small, could‚Äôve done with a medium but that‚Äôs just for how I want to style it! It‚Äôs suchhhhh good quality genuinely love this and the colour is beaut! 10/10.', 'None'], ['', 'Wow the fabric is amazing. Very cool and stretchy. Like f21, zara, and h&m quality. I DO RECOMMEND!!', 'None']]",9999+ Reviews,
Leopard And Figure Graphic Tee,SKU: swtee03200408456,US$8.00,NULL,https://img.ltwebstatic.com/images3_pi/2020/04/15/1586924381f00b8fddb97e590ad90a52e5e07e7d63_thumbnail_900x.webp,4.9,1297 Reviews,"[['', 'Happy with t shirt, great fit', '4.9'], ['', 'take one size smaller and never ever wash this material with anything else even whites .. it goes yellow üòî', '4.9'], ['', 'New favorite tshirt', '4.9']]",1297 Reviews,
Drop Shoulder Slogan Graphic Longline Tee,SKU: swtee04200615367,US$13.00,NULL,https://img.ltwebstatic.com/images3_pi/2020/06/15/15922225771460eaa4feb57b13b33bdc8ed4481278_thumbnail_900x.webp,None,395 Reviews,"[['', 'BIGGGG! T shirt dress, love it!', 'None'], ['', 'very true to size', 'None'], ['', 'I got a medium and it‚Äôs pretty big so it is true to size but if you want it baggy but not SUPER baggy def go size down', 'None']]",395 Reviews,
Butterfly & Letter Graphic Oversized Tee,SKU: swtee03200527804,US$11.00,NULL,https://img.ltwebstatic.com/images3_pi/2020/06/15/1592187067f9220bac477a335ae05be1ceaa3e031b_thumbnail_900x.webp,4.8,441 Reviews,"[['', 'Really good. The print wasn‚Äôt the best and is easy to come off.', '4.8'], ['', 'love this loads favourite oversized tee ive got. the material is not as comfy as some others but it is not thin like the others so thats a plus. its simple but its beautiful i wil be wearing this a lot.', '4.8'], ['', 'i got a Large cuz i love baggy shirts and it‚Äôs the best :D', '4.8']]",441 Reviews,
Graphic Print Tee,SKU: rtsh170921120,US$8.00,NULL,https://img.ltwebstatic.com/images/pi/201709/02/15058973523606004947_thumbnail_900x.webp,None,7744 Reviews,"[['', 'Oh god. I‚Äôm so happy that this isn‚Äôt see through. It‚Äôs actually not see through at all! The graphic is so cute, it looks exactly like the photo. I‚Äôm usually size small or medium but I sized up because I like oversized stuff but it‚Äôs actually not even that big, it fits perfectly to me so I highly highly recommend sizing up one or if u want it kinda big 2 sizes up. I really needed a white tshirt and this is perfect!', 'None'], ['', 'Bacanisimo una vaina bien!! Me gusta que no se transparente y que es suave. C√≥mprenla, les puede servir para casi todo outfit', 'None'], ['', 'really good quality, love this! the design is so pretty, really happy with it!', 'None']]",7744 Reviews,
Letter Graphic Crew Neck Tee,SKU: swtee03200519004,US$10.00,NULL,https://img.ltwebstatic.com/images3_pi/2020/05/19/158987162575f816b87da25bfb4cca154f8ed1b72b_thumbnail_900x.webp,4.9,331 Reviews,"[['', 'I sized up because I love the loose comfortable feeling. shirt material is super soft and not see through', '4.9'], ['', 'i love this shirt', '4.9'], ['', 'Proud 90s baby right here', '4.9']]",331 Reviews,
Letter Graphic Short Sleeve Tee,SKU: swtee01200323686,US$9.00,NULL,https://img.ltwebstatic.com/images3_pi/2020/04/13/158676732554b9f96cb088bd9ce7f71e5853aca137_thumbnail_900x.webp,4.9,604 Reviews,"[['', 'Love this shirt!', '4.9'], ['', 'The size is great but when I washed it the words messed up.', '4.9'], ['', 'Great fit. Material a bit itchy.', '4.9']]",604 Reviews,
Sun And Geo Oversize Tee,SKU: swtee03200522173,US$10.00,NULL,https://img.ltwebstatic.com/images3_pi/2020/05/26/1590490838017c6ba68d224e0558e3c8e725eb42d4_thumbnail_900x.webp,4.8,1375 Reviews,"[['', 'don‚Äôt size up it‚Äôs already oversized enough! love it', '4.8'], ['', 'Soooo pretty and big like I wanted', '4.8'], ['', 'Looks exactly like the picture. But the material is a little itchy even after washing it. I got a Large and its great for over sized tee shirts.', '4.8'], ['', '', '4.8'], ['', '', '4.8'], ['', '', '4.8']]",1375 Reviews,
Car And Slogan Graphic Drop Shoulder Oversize Tee,SKU: swtee03200409369,US$13.00,NULL,https://img.ltwebstatic.com/images3_pi/2020/04/26/1587902780b2296a9fb084fbd4cda4fc4b5647600e_thumbnail_900x.webp,4.6,965 Reviews,"[['', 'A dupe for pacsun shirt', '4.6'], ['', 'This shirt is soooooo good and it looks just like brandy and it‚Äôs comfy asf it‚Äôll look so good on mom jeans and Nike Air Force 1‚Äôs!!!!', '4.6'], ['', 'the PERFECT brandy dupe. its slightly see through and the sleeves are very long but thats okay bc its supposed to be oversized anyway :) the print is bright, just like the photo, and the tshirt is so comfy. (ignore size info but height)', '4.6']]",965 Reviews,
SHEIN Car & Slogan Graphic Tee,SKU: swtee07200608030,US$8.00,NULL,https://img.ltwebstatic.com/images3_pi/2020/06/08/1591608632296b5aa0c0fe038716b3602212f6b43c_thumbnail_900x.webp,5.0,NEW,"[['', 'I loved this one ü•∞ü•∞ü•∞ü•∞ü•∞', '5.0'], ['', 'Really cute! Nice material, doesnt look cheap.', '5.0'], ['', 'Super cute top, bought for my 12 yr old daughter...good quality for the price! :)', '5.0']]",NEW,
Sunflower & Slogan Graphic Tee,SKU: swtee03200326683,US$9.00,NULL,https://img.ltwebstatic.com/images3_pi/2020/03/31/158562116764cf55bb818c4d5130efac9ebe53418a_thumbnail_900x.webp,4.9,904 Reviews,"[['', 'my mom is my sunshine', '4.9'], ['', 'I like it', '4.9'], ['', 'I am 128lbs, bra size: 34b, height: 5‚Äô5, waist: 65cm. I like the material, it is soft. I like that I can use it as a crop top or a regular shirt.', '4.9']]",904 Reviews,
Tie Dye Drop Shoulder Oversized Tee,SKU: swtee01200413168,US$11.00,NULL,https://img.ltwebstatic.com/images3_pi/2020/04/29/15881466555c1415b76b9fa8d404eb3b0b742e7a32_thumbnail_900x.webp,None,5046 Reviews,"[['', 'Keep in mind this shirt is oversized, because it is huge! This isn‚Äôt a problem for me because it is what I wanted, but its soooo soft.', 'None'], ['', 'READ THE REVIEW BEFORE YOU BUY. The description SAYS OVERSIZED TEE. so that‚Äôs what you will get. Literally :). I read the reviews and went with a medium. I‚Äôm 5‚Äô6 and weigh about 140 lbs. I put that the top fits TRUE TO SIZE because it clearly says OVERSIZED. So be aware when choosing your size. If you want a comfy fit. Order your regular size but if you want a more ‚Äúfitted‚Äù look then order a size smaller or maybe even TWO SIZES smaller. The color is really pretty. The color looks a little bit more vibrant in the picture with the model but it‚Äôs probably because of the lighting. I‚Äôm still satisfied with my order. The material is very soft and it‚Äôs not too thin or too thick. It will looks great with some leggings or biker shorts during the summer or even with regular denim shorts. If you decide to order this top I wouldn‚Äôt recommend machine drying I would let it air dry so that the material doesn‚Äôt get ruined. I would definitely recommend. :)', 'None'], ['', 'READ THE REVIEW BEFORE YOU BUY. The description SAYS OVERSIZED TEE. so that‚Äôs what you will get. Literally :). I read the reviews and went with a medium. I‚Äôm 5‚Äô6 and weigh about 140 lbs. I put that the top fits TRUE TO SIZE because it clearly says OVERSIZED. So be aware when choosing your size. If you want a comfy fit. Order your regular size but if you want a more ‚Äúfitted‚Äù look then order a size smaller or maybe even TWO SIZES smaller. The color is really pretty. The color looks a little bit more vibrant in the picture with the model but it‚Äôs probably because of the lighting. I‚Äôm still satisfied with my order. The material is very soft and it‚Äôs not too thin or too thick. It will looks great with some leggings or biker shorts during the summer or even with regular denim shorts. If you decide to order this top I wouldn‚Äôt recommend machine drying I would let it air dry so that the material doesn‚Äôt get ruined. I would definitely recommend. :)', 'None']]",5046 Reviews,
Letter Graphic Round Neck Tee,SKU: swtee03200507378,US$8.00,NULL,https://img.ltwebstatic.com/images3_pi/2020/05/18/158977520802bb203e5786ed733bcfd6055bf7ba5e_thumbnail_900x.webp,4.9,1349 Reviews,"[['', 'It‚Äôs a bit see through but that‚Äôs okay. It‚Äôs not cotton material but I don‚Äôt mind it. It‚Äôs really soft. It‚Äôs so cute. I‚Äôve been wanting to find a cute mama shirt that I can wear in honor of being a mama to my lil boy !', '4.9'], ['', 'This one was super cute I loved it ! Very see through tho but I don‚Äôt mind wearing a tank top underneath!', '4.9'], ['', 'Little big', '4.9']]",1349 Reviews,
SHEIN Men Cartoon Graphic Tee,SKU: smtop07200316898,US$13.00,NULL,https://img.ltwebstatic.com/images3_pi/2020/03/31/1585622320ebf39e14d15fe6bf8719c4399006da2a_thumbnail_900x.webp,4.9,1310 Reviews,"[['', 'ÿßÿ≠ŸÜÿß ÿ≠ÿßŸÑŸäÿßŸã ŸÅŸä ŸÅÿ™ÿ±ÿ© ŸÉŸàÿ±ŸàŸÜÿßÿå ŸÅŸÄ ÿ∑ŸÑÿ®ÿ™Ÿá ÿ®ÿ™ÿßÿ±ŸäÿÆ Ÿ°Ÿ¢ ÿßÿ®ÿ±ŸäŸÑ ŸàŸàÿµŸÑŸÜŸä ÿ®ÿ™ÿßÿ±ŸäÿÆ Ÿ¢Ÿ§ ÿßÿ®ÿ±ŸäŸÑ ŸàŸäÿπÿ™ÿ®ÿ± ŸÖŸÖÿ™ÿßÿ≤ Ÿàÿ¥ÿ±ŸÉÿ© ÿßŸÑÿ¥ÿ≠ŸÜ ŸÖŸÖÿ™ÿßÿ≤Ÿá ŸàÿµŸÑÿ™ŸÜŸä ÿßŸÑÿ¥ÿ≠ŸÜŸá ŸàÿµŸÜÿØŸàŸÇŸáÿß ÿ®ÿÆŸäÿ± Ÿàÿ≥ŸÑŸäŸÖ ŸÜÿ¨Ÿä ŸÑŸÑŸÇÿ∑ÿπŸá ÿ¥ÿ±Ÿäÿ™Ÿáÿß ŸÑÿ≤Ÿàÿ¨Ÿäÿå ŸÇŸÖÿßÿ¥Ÿáÿß ÿ≠ŸÑŸà ŸÇÿ∑ŸÜŸäÿå ÿπÿßŸÑŸÖŸÇÿßÿ≥ ÿ®ÿßŸÑÿ∂ÿ®ÿ∑ ŸàÿßŸÑŸÑŸàŸÜ ŸÜŸÅÿ≥ ÿßŸÑÿµŸàÿ±Ÿá ÿ¥ÿ±Ÿäÿ™Ÿá ÿ®ÿ≥ÿπÿ± Ÿ£Ÿ¢.ŸßŸ® ÿ±ŸäÿßŸÑ ÿ®ÿπÿØ ÿßŸÑÿÆÿµŸÖ', '4.9'], ['', 'Great quality, true to size', '4.9'], ['', 'It is a little long', '4.9']]",1310 Reviews,
Raglan Sleeve Letter Graphic Crop Tee,SKU: swtee04200318117,US$6.00,NULL,https://img.ltwebstatic.com/images3_pi/2020/03/23/158494736486bbbb3b43b941ccce8c7b48340d5027_thumbnail_900x.webp,4.8,1096 Reviews,"[['', 'Small asf and see through disappointing', '4.8'], ['', 'Very cute shirt I did a haul with it. My YouTube is bad Barbies trap and my Instagram is : Bhadbharbie.__', '4.8'], ['', 'this cute little crop too gives me oldie vibes cuteee can‚Äôt wait to receive it taking a while due to covid 19 üôÑüôÑ but size XS// ignore picture', '4.8']]",1096 Reviews,
SHEIN Letter and Angel Print Raglan Sleeve Tee,SKU: swtee07200427002,US$6.00,NULL,https://img.ltwebstatic.com/images3_pi/2020/04/28/158805268895092554d17910b6a10c8a9417f525af_thumbnail_900x.webp,4.8,1682 Reviews,"[['', 'Really cute! Not see through. Dupe of Bella Heaven Sent from Brandy, but it‚Äôs purple. Really comfy and soft too, ITS AMAZINGG :)', '4.8'], ['', 'this shirt is amazing its the perfect brandy Melville dupe. the only difference is that its smooth and not ripped', '4.8'], ['', 'perfectly true to size, so incredibly soft and fitting! if you are thinking of getting this hear me out... GET IT you will love it:)', '4.8']]",1682 Reviews,
Butterfly & Clock Print Oversized Tee,SKU: swtee04200505024,US$13.00,NULL,https://img.ltwebstatic.com/images3_pi/2020/05/20/15899397085952e434244ba657cbb7ad5e5d504c65_thumbnail_900x.webp,4.7,1120 Reviews,"[['', 'Bad material. And it is really big for me', '4.7'], ['', 'very large shirt size down', '4.7'], ['', 'This shirt is so big i recommend sizing down 2 sizes. the quality is good and not see through but very big', '4.7']]",1120 Reviews,
Slogan Graphic Tee,SKU: tee180518314,US$6.00,NULL,https://img.ltwebstatic.com/images2_pi/2018/05/17/15265430712309591536_thumbnail_900x1199.webp,4.7,5189 Reviews,"[['', 'Love this shirt. Really great purchase', '4.7'], ['', 'I love it', '4.7'], ['', 'Love the t-shirt but glad I sized up. I‚Äôm normally a small / 10-12 AU sizing but got the XL thanks to previous commenters and it‚Äôs perfect, slightly loose but still flattering. Fabric light but good quality for the price.', '4.7']]",5189 Reviews,
Drop Shoulder Letter & Heart Print Longline Tee,SKU: swtee04200602922,US$11.00,NULL,https://img.ltwebstatic.com/images3_pi/2020/06/04/15912504508ecae18fe31ff84c061ca7194c739491_thumbnail_900x.webp,4.8,NEW,"[['', 'really cute graphic but it just doesn‚Äôt look good on me lol. this is a xs and im 5‚Äô5 so its super oversized. but if u can rock big tees this would be cute', '4.8'], ['', 'I love it so much but it‚Äôs too big ): i was hoping to get a smaller size but every time i look they‚Äôre sold out !!', '4.8'], ['', 'Get ur normal size and size down if u want it to not be huge. It‚Äôs big but I love big tshirts. Definitely should‚Äôve gotten small but I think it was sold out in small when I bought it. The colors are popping in person', '4.8']]",NEW,
Sunflower And Slogan Graphic Tee,SKU: swtee03191226364,US$9.00,NULL,https://img.ltwebstatic.com/images3_pi/2019/12/28/1577511074aef1e78b63128cb24917ef094beade87_thumbnail_900x.webp,None,6740 Reviews,"[['', 'ÿßŸÑŸÑŸá Ÿäÿ≥ÿπÿØ ŸÉŸÑ ŸÖŸÜ ÿ≠ÿ∑ ÿπŸÑŸâ ÿ™ÿπŸÑŸäŸÇŸä ŸÑÿßŸäŸÉ ŸàŸäÿ±ÿ≤ŸÇŸá ŸÖÿßŸäÿ™ŸÖŸÜŸâ ŸàŸÑÿß ŸäŸàÿ±ŸäŸá ŸÖŸÉÿ±ŸàŸá ŸÅŸäŸá ÿ≠Ÿäÿßÿ™Ÿá Ÿäÿßÿ±ÿ® üëçüèªüëçüèªüëçüèªüëçüèª', 'None'], ['', 'I‚Äôm usually medium, but I ordered large. When I open the bag it‚Äôs the right size, but after I washed it and tried it on, it shrank and looked like a medium size. It‚Äôs still a perfect fit, so I didn‚Äôt mind. Next time I will order XL on shirt so it will still be a little loose after I wash it.', 'None'], ['', 'Super cute tee, baggy but flattering. Graphic is plasticky', 'None']]",6740 Reviews,
Car & Letter Graphic Boyfriend Tee,SKU: swtee03200422966,US$14.00,NULL,https://img.ltwebstatic.com/images3_pi/2020/04/24/15877022268a6b4b39402795d476499795bafeb674_thumbnail_900x.webp,None,361 Reviews,"[['', 'This is so cute it‚Äôs way bigger than i expected but hopefully it shrinks in the washer', 'None'], ['', 'Haven‚Äôt gotten the item yet, however based on the reviews, the quality should be good and the fit is perfect in terms of the style I am assuming you are going for when buying this.', 'None'], ['', 'Great quality and thick material really long but i‚Äôm short so...', 'None']]",361 Reviews,
Drop Shoulder Mouth Print Longline Tee,SKU: swtee04200617431,US$10.00,NULL,https://img.ltwebstatic.com/images3_pi/2020/06/18/1592449481119748b097f9fabdcc33c4f0d992b1c1_thumbnail_900x.webp,4.9,NEW,"[['', 'Love this shirt! Won‚Äôt take it off lol. Such a great t shirt just a simple picture and so comfortable! Big and breezy', '4.9'], ['', 'I‚Äôm just trying to get my pointsüòÇ... but umm it‚Äôs cute!', '4.9'], ['', 'Definitely love the shirt I‚Äôm 5ft and it pretty much fit exactly like the picture showed I definitely would size down though from your typical size. I normally wear a small but an extra small fit perfectly.', '4.9']]",NEW,
SHEIN Embroidery Pineapple Striped Tee,SKU: swtee07200609499,US$9.00,NULL,https://img.ltwebstatic.com/images3_pi/2020/06/20/15926471556cc368df4ef94ee69c934611185c8cea_thumbnail_900x.webp,4.9,NEW,"[['', 'Cute t-shirt', '4.9'], ['', 'Very comfy and cute! I will say the length is a little shorter than expected. Not a crop top but not really the normal length of a t-shirt either.', '4.9'], ['', 'I ordered a size up on the size chart and i‚Äôm glad i did. It‚Äôs very stretchy material & the white one isn‚Äôt even see through. it‚Äôs very comfortable. i love it. the pineapple is always put on very well.', '4.9']]",NEW,
SHEIN We Are Stronger Together Graphic Tee,SKU: swtee07200628300,US$9.00,NULL,https://img.ltwebstatic.com/images3_pi/2020/07/03/159374577280b9f22aad1a57fcc71ba15d35ce1306_thumbnail_900x.webp,4.4,NEW,"[['', 'Material is amazing. It‚Äôs a bit of an awkward length for my taste but some people like that mix of crop top regular shirt. Can still wear it perfectly tucked in.', '4.4'], ['', 'fits perfect', '4.4'], ['', 'WANTED TO HAVE IT SINCE A LONG TIME AGO... Love the statement and very much needed this days', '4.4']]",NEW,
SHEIN Drop Shoulder Tie Dye Tee,SKU: swtee07200504133,US$11.00,NULL,https://img.ltwebstatic.com/images3_pi/2020/05/08/158891420863b8807660f5d6b4af8459b309fa5d8f_thumbnail_900x.webp,4.9,64 Reviews,"[['', 'Pretty loose and long you could size down I wish I did. It‚Äôs good material breathable and thin. Nice bright colors.', '4.9'], ['', 'fits larger but still super cute', '4.9'], ['', 'obsessed, ordered size up so i can tie it and it looks amazing', '4.9']]",64 Reviews,
Dandelion Graphic Short Sleeve Tee,SKU: swtee03200219888,US$10.00,NULL,https://img.ltwebstatic.com/images3_pi/2020/02/20/15821636612d0372eadb1d7416fff2df35ee3ef619_thumbnail_900x.webp,4.8,4249 Reviews,"[['', 'much smaller than expected', '4.8'], ['', 'Kinda of tight and super thin but I think it still looks fine', '4.8'], ['', 'The shirt was so cute but way to small. It was super short.', '4.8']]",4249 Reviews,
SHEIN Tie Dye Oversized Longline Tee,SKU: swtee07200609968,US$11.00,NULL,https://img.ltwebstatic.com/images3_pi/2020/07/01/1593569034a36811533506179e8596b1e252c55467_thumbnail_900x.webp,4.8,NEW,"[['', 'Great material! I got a large for an oversized fit', '4.8'], ['', 'Favorite shirt. Super cute and amazing size for a small', '4.8'], ['', 'perfect', '4.8']]",NEW,
Drop Shoulder Butterfly Print Oversize Tee,SKU: swdress04200608324,US$13.00,NULL,https://img.ltwebstatic.com/images3_pi/2020/07/08/15941894545fd79ae1bf14ea87b8c5a13d3604bd06_thumbnail_900x.webp,None,NEW,[],NEW,
SHEIN Racer Car Graphic Dropped Shoulder Oversized Tee,SKU: swtee07200522304,US$10.00,NULL,https://img.ltwebstatic.com/images3_pi/2020/06/08/1591582275cced028ab561fbdb0d38ad8045c70e89_thumbnail_900x.webp,4.7,248 Reviews,"[['', 'Material is cheap', '4.7'], ['', 'size down , super big', '4.7'], ['', 'Cute I suggest get a small if you are normally a large or medium cuz it is very oversized and also the words are backwords', '4.7']]",248 Reviews,
